id,category
0,9
1,1
2,9
3,6
4,5
5,0
6,5
7,2
8,9
9,1
10,8
11,2
12,5
13,5
14,6
15,2
16,9
17,0
18,1
19,2
20,4
21,7
22,6
23,7
24,0
25,2
26,4
27,0
28,0
29,3
30,2
31,9
32,9
33,3
34,4
35,3
36,9
37,1
38,1
39,8
40,8
41,5
42,2
43,0
44,8
45,9
46,5
47,8
48,5
49,0
50,3
51,6
52,3
53,0
54,1
55,1
56,5
57,5
58,9
59,0
60,2
61,5
62,5
63,0
64,1
65,7
66,5
67,8
68,3
69,1
70,1
71,5
72,1
73,6
74,1
75,4
76,9
77,5
78,0
79,1
80,9
81,3
82,0
83,8
84,9
85,4
86,2
87,1
88,6
89,0
90,9
91,5
92,6
93,4
94,0
95,8
96,8
97,6
98,8
99,6
100,2
101,0
102,3
103,9
104,5
105,1
106,3
107,3
108,9
109,5
110,0
111,9
112,1
113,4
114,4
115,3
116,6
117,0
118,5
119,2
120,1
121,3
122,0
123,1
124,6
125,9
126,9
127,5
128,8
129,1
130,9
131,1
132,1
133,6
134,4
135,9
136,9
137,3
138,0
139,1
140,8
141,6
142,1
143,5
144,9
145,1
146,3
147,5
148,9
149,8
150,2
151,1
152,5
153,4
154,7
155,3
156,1
157,0
158,7
159,4
160,7
161,2
162,4
163,4
164,9
165,1
166,9
167,3
168,7
169,1
170,8
171,1
172,9
173,3
174,0
175,4
176,7
177,3
178,7
179,6
180,1
181,7
182,9
183,6
184,9
185,8
186,3
187,0
188,6
189,8
190,1
191,8
192,2
193,3
194,3
195,3
196,1
197,9
198,4
199,8
200,2
201,9
202,7
203,2
204,3
205,0
206,5
207,9
208,2
209,6
210,4
211,3
212,8
213,7
214,1
215,9
216,1
217,1
218,1
219,2
220,4
221,3
222,5
223,8
224,9
225,4
226,0
227,1
228,8
229,7
230,7
231,1
232,2
233,8
234,1
235,7
236,5
237,4
238,1
239,4
240,5
241,1
242,4
243,6
244,7
245,3
246,4
247,1
248,1
249,3
250,7
251,9
252,9
253,3
254,1
255,0
256,8
257,9
258,1
259,7
260,5
261,8
262,2
263,4
264,1
265,6
266,8
267,2
268,1
269,9
270,1
271,0
272,5
273,5
274,0
275,4
276,4
277,2
278,4
279,5
280,9
281,3
282,8
283,1
284,1
285,0
286,5
287,8
288,4
289,4
290,1
291,0
292,3
293,6
294,2
295,0
296,0
297,8
298,6
299,7
300,3
301,4
302,4
303,6
304,2
305,1
306,4
307,0
308,6
309,5
310,6
311,3
312,9
313,9
314,4
315,4
316,9
317,2
318,2
319,3
320,9
321,9
322,3
323,9
324,3
325,1
326,3
327,4
328,4
329,2
330,4
331,1
332,1
333,3
334,9
335,2
336,4
337,5
338,8
339,0
340,8
341,5
342,8
343,6
344,6
345,8
346,3
347,9
348,8
349,0
350,5
351,7
352,1
353,1
354,9
355,9
356,9
357,4
358,6
359,1
360,3
361,8
362,8
363,6
364,1
365,0
366,0
367,5
368,8
369,5
370,1
371,2
372,4
373,6
374,0
375,6
376,1
377,0
378,5
379,2
380,4
381,1
382,1
383,1
384,3
385,9
386,2
387,3
388,7
389,9
390,0
391,6
392,0
393,8
394,0
395,2
396,1
397,2
398,6
399,1
400,1
401,6
402,9
403,1
404,2
405,5
406,8
407,4
408,9
409,9
410,1
411,1
412,9
413,2
414,0
415,0
416,1
417,9
418,5
419,1
420,5
421,2
422,6
423,3
424,1
425,1
426,5
427,8
428,1
429,1
430,6
431,9
432,3
433,0
434,3
435,2
436,2
437,3
438,5
439,1
440,0
441,2
442,1
443,1
444,2
445,3
446,1
447,8
448,9
449,8
450,0
451,6
452,5
453,9
454,2
455,1
456,5
457,4
458,3
459,9
460,0
461,4
462,1
463,5
464,1
465,2
466,0
467,7
468,3
469,9
470,5
471,7
472,6
473,0
474,2
475,4
476,4
477,6
478,0
479,0
480,1
481,5
482,1
483,9
484,9
485,9
486,0
487,7
488,8
489,8
490,8
491,1
492,6
493,5
494,9
495,6
496,5
497,7
498,9
499,8
500,9
501,2
502,3
503,3
504,6
505,1
506,6
507,8
508,1
509,5
510,9
511,3
512,3
513,1
514,8
515,7
516,6
517,1
518,4
519,7
520,8
521,8
522,1
523,7
524,8
525,5
526,6
527,8
528,8
529,3
530,1
531,2
532,3
533,9
534,3
535,2
536,0
537,3
538,1
539,1
540,1
541,4
542,1
543,0
544,5
545,0
546,1
547,2
548,3
549,8
550,7
551,7
552,1
553,3
554,2
555,6
556,4
557,5
558,3
559,4
560,8
561,0
562,7
563,0
564,0
565,5
566,1
567,2
568,9
569,8
570,4
571,2
572,0
573,9
574,4
575,3
576,5
577,4
578,1
579,0
580,3
581,9
582,8
583,5
584,8
585,8
586,3
587,7
588,6
589,4
590,4
591,1
592,9
593,5
594,1
595,0
596,9
597,8
598,3
599,7
600,8
601,9
602,2
603,8
604,0
605,3
606,0
607,8
608,2
609,1
610,2
611,1
612,6
613,9
614,4
615,6
616,7
617,5
618,1
619,1
620,6
621,5
622,1
623,4
624,8
625,1
626,1
627,4
628,0
629,7
630,0
631,7
632,3
633,9
634,3
635,1
636,1
637,4
638,1
639,0
640,2
641,3
642,6
643,9
644,7
645,1
646,5
647,8
648,9
649,1
650,3
651,4
652,4
653,8
654,2
655,8
656,1
657,5
658,0
659,3
660,4
661,8
662,4
663,3
664,2
665,1
666,0
667,8
668,1
669,4
670,0
671,2
672,8
673,3
674,3
675,3
676,7
677,3
678,1
679,4
680,0
681,5
682,7
683,9
684,1
685,4
686,5
687,3
688,3
689,0
690,0
691,1
692,6
693,1
694,1
695,0
696,1
697,3
698,5
699,0
700,0
701,8
702,8
703,4
704,2
705,2
706,6
707,5
708,1
709,1
710,7
711,1
712,6
713,4
714,6
715,5
716,5
717,4
718,3
719,5
720,2
721,6
722,1
723,0
724,7
725,6
726,3
727,8
728,2
729,2
730,9
731,9
732,8
733,4
734,6
735,9
736,8
737,4
738,5
739,4
740,8
741,8
742,3
743,4
744,4
745,4
746,3
747,7
748,4
749,9
750,1
751,7
752,1
753,1
754,4
755,2
756,3
757,6
758,1
759,1
760,2
761,9
762,7
763,4
764,6
765,0
766,1
767,1
768,2
769,1
770,5
771,5
772,5
773,3
774,8
775,3
776,2
777,3
778,6
779,4
780,0
781,3
782,3
783,4
784,3
785,8
786,9
787,1
788,1
789,6
790,9
791,4
792,1
793,5
794,2
795,2
796,3
797,9
798,4
799,7
800,7
801,5
802,7
803,4
804,6
805,5
806,6
807,0
808,0
809,5
810,0
811,4
812,4
813,0
814,9
815,6
816,3
817,3
818,2
819,4
820,4
821,8
822,0
823,6
824,3
825,8
826,3
827,5
828,3
829,8
830,6
831,8
832,1
833,0
834,2
835,8
836,9
837,4
838,4
839,9
840,9
841,2
842,7
843,5
844,5
845,7
846,8
847,4
848,3
849,2
850,5
851,1
852,6
853,6
854,8
855,4
856,0
857,8
858,7
859,7
860,4
861,3
862,5
863,9
864,8
865,1
866,1
867,8
868,2
869,1
870,4
871,5
872,3
873,7
874,5
875,6
876,2
877,1
878,8
879,9
880,1
881,8
882,1
883,1
884,1
885,1
886,8
887,1
888,6
889,2
890,2
891,0
892,7
893,1
894,8
895,4
896,8
897,4
898,2
899,5
900,3
901,2
902,2
903,8
904,1
905,6
906,1
907,5
908,2
909,5
910,3
911,5
912,4
913,9
914,0
915,1
916,9
917,6
918,2
919,9
920,3
921,4
922,1
923,4
924,8
925,0
926,1
927,2
928,4
929,6
930,8
931,0
932,3
933,4
934,2
935,7
936,8
937,8
938,8
939,2
940,1
941,0
942,9
943,2
944,9
945,8
946,7
947,3
948,7
949,7
950,2
951,1
952,5
953,8
954,2
955,1
956,7
957,0
958,7
959,8
960,4
961,7
962,4
963,9
964,5
965,4
966,7
967,1
968,4
969,4
970,1
971,3
972,9
973,3
974,7
975,1
976,5
977,9
978,2
979,0
980,3
981,9
982,5
983,3
984,4
985,9
986,5
987,3
988,9
989,4
990,0
991,3
992,8
993,7
994,5
995,4
996,1
997,5
998,5
999,6
1000,5
1001,3
1002,1
1003,2
1004,6
1005,5
1006,5
1007,8
1008,7
1009,2
1010,8
1011,6
1012,0
1013,7
1014,3
1015,0
1016,5
1017,3
1018,8
1019,8
1020,1
1021,2
1022,9
1023,7
1024,7
1025,8
1026,2
1027,8
1028,7
1029,3
1030,9
1031,8
1032,3
1033,9
1034,5
1035,2
1036,2
1037,8
1038,9
1039,4
1040,5
1041,6
1042,5
1043,2
1044,6
1045,4
1046,0
1047,1
1048,6
1049,2
1050,7
1051,2
1052,5
1053,9
1054,3
1055,1
1056,4
1057,3
1058,2
1059,2
1060,1
1061,8
1062,5
1063,0
1064,8
1065,1
1066,5
1067,4
1068,0
1069,8
1070,4
1071,2
1072,5
1073,2
1074,8
1075,9
1076,1
1077,8
1078,1
1079,7
1080,5
1081,3
1082,6
1083,8
1084,1
1085,3
1086,7
1087,0
1088,4
1089,0
1090,9
1091,7
1092,7
1093,9
1094,5
1095,9
1096,1
1097,2
1098,4
1099,2
1100,8
1101,1
1102,6
1103,7
1104,7
1105,1
1106,3
1107,4
1108,8
1109,7
1110,4
1111,1
1112,2
1113,6
1114,7
1115,1
1116,7
1117,6
1118,3
1119,7
1120,2
1121,0
1122,5
1123,9
1124,4
1125,3
1126,8
1127,1
1128,8
1129,9
1130,2
1131,4
1132,4
1133,3
1134,9
1135,1
1136,7
1137,0
1138,5
1139,7
1140,3
1141,6
1142,4
1143,2
1144,0
1145,8
1146,4
1147,1
1148,3
1149,4
1150,3
1151,5
1152,9
1153,1
1154,3
1155,7
1156,5
1157,5
1158,1
1159,1
1160,6
1161,9
1162,0
1163,4
1164,9
1165,8
1166,0
1167,7
1168,4
1169,4
1170,7
1171,2
1172,6
1173,9
1174,7
1175,5
1176,9
1177,2
1178,6
1179,3
1180,4
1181,3
1182,1
1183,9
1184,0
1185,9
1186,4
1187,7
1188,7
1189,4
1190,5
1191,5
1192,1
1193,1
1194,6
1195,1
1196,3
1197,1
1198,2
1199,0
1200,8
1201,1
1202,8
1203,6
1204,3
1205,9
1206,3
1207,6
1208,5
1209,1
1210,3
1211,3
1212,5
1213,6
1214,9
1215,3
1216,7
1217,6
1218,1
1219,8
1220,4
1221,8
1222,8
1223,8
1224,5
1225,5
1226,0
1227,3
1228,4
1229,4
1230,9
1231,3
1232,9
1233,5
1234,1
1235,8
1236,5
1237,7
1238,1
1239,7
1240,3
1241,4
1242,1
1243,9
1244,6
1245,3
1246,7
1247,7
1248,8
1249,0
1250,3
1251,0
1252,5
1253,0
1254,7
1255,8
1256,9
1257,3
1258,5
1259,1
1260,0
1261,6
1262,2
1263,6
1264,9
1265,1
1266,9
1267,5
1268,1
1269,8
1270,7
1271,1
1272,7
1273,3
1274,8
1275,4
1276,1
1277,4
1278,1
1279,9
1280,9
1281,7
1282,1
1283,5
1284,5
1285,0
1286,5
1287,1
1288,5
1289,5
1290,5
1291,6
1292,0
1293,7
1294,1
1295,7
1296,9
1297,4
1298,4
1299,4
1300,3
1301,3
1302,4
1303,1
1304,3
1305,6
1306,3
1307,8
1308,1
1309,9
1310,3
1311,6
1312,0
1313,9
1314,0
1315,8
1316,0
1317,1
1318,8
1319,9
1320,0
1321,9
1322,8
1323,8
1324,9
1325,0
1326,3
1327,3
1328,1
1329,2
1330,4
1331,8
1332,1
1333,8
1334,4
1335,9
1336,9
1337,8
1338,3
1339,4
1340,9
1341,2
1342,8
1343,1
1344,5
1345,9
1346,8
1347,6
1348,7
1349,1
1350,3
1351,9
1352,8
1353,3
1354,6
1355,4
1356,8
1357,0
1358,1
1359,1
1360,9
1361,4
1362,6
1363,6
1364,3
1365,6
1366,5
1367,0
1368,7
1369,1
1370,3
1371,2
1372,1
1373,8
1374,7
1375,1
1376,5
1377,5
1378,4
1379,2
1380,9
1381,5
1382,1
1383,3
1384,0
1385,5
1386,2
1387,3
1388,2
1389,9
1390,2
1391,1
1392,7
1393,6
1394,9
1395,5
1396,0
1397,8
1398,9
1399,8
1400,9
1401,9
1402,2
1403,3
1404,5
1405,5
1406,3
1407,9
1408,3
1409,9
1410,5
1411,2
1412,1
1413,0
1414,5
1415,5
1416,2
1417,4
1418,4
1419,1
1420,4
1421,0
1422,9
1423,4
1424,7
1425,7
1426,4
1427,8
1428,4
1429,7
1430,0
1431,3
1432,0
1433,3
1434,1
1435,1
1436,1
1437,1
1438,7
1439,9
1440,8
1441,1
1442,9
1443,1
1444,0
1445,5
1446,8
1447,1
1448,0
1449,3
1450,0
1451,2
1452,1
1453,3
1454,9
1455,1
1456,0
1457,5
1458,6
1459,9
1460,1
1461,6
1462,0
1463,0
1464,1
1465,8
1466,8
1467,3
1468,8
1469,4
1470,1
1471,6
1472,7
1473,4
1474,1
1475,4
1476,7
1477,4
1478,1
1479,6
1480,6
1481,9
1482,6
1483,8
1484,3
1485,6
1486,3
1487,2
1488,9
1489,5
1490,3
1491,2
1492,9
1493,5
1494,5
1495,7
1496,0
1497,8
1498,0
1499,1
1500,1
1501,5
1502,3
1503,4
1504,9
1505,5
1506,2
1507,4
1508,9
1509,6
1510,8
1511,1
1512,6
1513,3
1514,4
1515,6
1516,1
1517,8
1518,5
1519,2
1520,3
1521,3
1522,2
1523,3
1524,6
1525,1
1526,3
1527,6
1528,9
1529,8
1530,1
1531,1
1532,8
1533,1
1534,5
1535,2
1536,4
1537,0
1538,7
1539,3
1540,7
1541,5
1542,7
1543,2
1544,4
1545,0
1546,5
1547,8
1548,8
1549,5
1550,1
1551,9
1552,7
1553,0
1554,5
1555,8
1556,1
1557,6
1558,4
1559,2
1560,9
1561,5
1562,3
1563,1
1564,0
1565,5
1566,2
1567,0
1568,6
1569,4
1570,3
1571,3
1572,5
1573,0
1574,1
1575,2
1576,2
1577,5
1578,3
1579,6
1580,5
1581,4
1582,1
1583,9
1584,3
1585,7
1586,8
1587,7
1588,5
1589,5
1590,4
1591,1
1592,2
1593,3
1594,8
1595,1
1596,0
1597,5
1598,5
1599,7
1600,1
1601,1
1602,9
1603,7
1604,1
1605,3
1606,1
1607,6
1608,1
1609,5
1610,8
1611,1
1612,2
1613,1
1614,0
1615,9
1616,1
1617,8
1618,4
1619,2
1620,5
1621,8
1622,3
1623,2
1624,2
1625,9
1626,5
1627,9
1628,9
1629,1
1630,6
1631,5
1632,7
1633,4
1634,7
1635,0
1636,5
1637,1
1638,6
1639,6
1640,4
1641,0
1642,2
1643,0
1644,1
1645,4
1646,1
1647,0
1648,0
1649,2
1650,8
1651,8
1652,2
1653,1
1654,1
1655,6
1656,2
1657,6
1658,0
1659,3
1660,8
1661,0
1662,1
1663,4
1664,1
1665,2
1666,5
1667,0
1668,9
1669,5
1670,3
1671,8
1672,4
1673,7
1674,4
1675,3
1676,6
1677,5
1678,0
1679,4
1680,5
1681,3
1682,2
1683,8
1684,0
1685,2
1686,7
1687,8
1688,3
1689,7
1690,7
1691,5
1692,1
1693,6
1694,1
1695,0
1696,6
1697,1
1698,9
1699,2
1700,7
1701,5
1702,1
1703,5
1704,4
1705,3
1706,5
1707,2
1708,9
1709,3
1710,1
1711,0
1712,3
1713,2
1714,8
1715,5
1716,5
1717,0
1718,5
1719,8
1720,7
1721,0
1722,5
1723,8
1724,4
1725,1
1726,8
1727,7
1728,5
1729,5
1730,6
1731,3
1732,3
1733,2
1734,5
1735,7
1736,1
1737,5
1738,9
1739,8
1740,0
1741,9
1742,8
1743,5
1744,1
1745,4
1746,5
1747,4
1748,8
1749,2
1750,7
1751,5
1752,7
1753,3
1754,1
1755,5
1756,8
1757,5
1758,0
1759,9
1760,6
1761,2
1762,2
1763,6
1764,0
1765,8
1766,3
1767,4
1768,9
1769,6
1770,3
1771,0
1772,6
1773,9
1774,2
1775,4
1776,8
1777,3
1778,1
1779,2
1780,2
1781,0
1782,4
1783,1
1784,6
1785,8
1786,2
1787,1
1788,8
1789,7
1790,8
1791,2
1792,0
1793,2
1794,1
1795,5
1796,8
1797,5
1798,0
1799,1
1800,9
1801,2
1802,4
1803,5
1804,9
1805,1
1806,0
1807,9
1808,0
1809,0
1810,6
1811,8
1812,0
1813,4
1814,9
1815,0
1816,1
1817,5
1818,9
1819,6
1820,1
1821,3
1822,7
1823,0
1824,1
1825,0
1826,6
1827,3
1828,9
1829,3
1830,2
1831,1
1832,6
1833,1
1834,0
1835,8
1836,8
1837,0
1838,1
1839,7
1840,9
1841,6
1842,1
1843,7
1844,1
1845,5
1846,3
1847,8
1848,6
1849,4
1850,8
1851,7
1852,6
1853,1
1854,8
1855,5
1856,8
1857,5
1858,8
1859,7
1860,5
1861,5
1862,3
1863,1
1864,2
1865,2
1866,9
1867,9
1868,9
1869,6
1870,7
1871,8
1872,1
1873,3
1874,6
1875,8
1876,5
1877,2
1878,2
1879,0
1880,5
1881,6
1882,1
1883,8
1884,4
1885,8
1886,6
1887,5
1888,1
1889,6
1890,5
1891,1
1892,3
1893,1
1894,5
1895,0
1896,1
1897,1
1898,3
1899,0
1900,1
1901,5
1902,7
1903,1
1904,1
1905,1
1906,7
1907,7
1908,0
1909,1
1910,5
1911,2
1912,8
1913,1
1914,0
1915,1
1916,5
1917,8
1918,8
1919,4
1920,4
1921,7
1922,5
1923,1
1924,7
1925,1
1926,6
1927,5
1928,8
1929,6
1930,8
1931,7
1932,8
1933,5
1934,5
1935,0
1936,4
1937,3
1938,6
1939,2
1940,4
1941,8
1942,2
1943,9
1944,0
1945,7
1946,2
1947,1
1948,8
1949,8
1950,6
1951,0
1952,4
1953,3
1954,9
1955,1
1956,2
1957,0
1958,9
1959,7
1960,0
1961,0
1962,5
1963,9
1964,3
1965,2
1966,0
1967,5
1968,8
1969,7
1970,3
1971,5
1972,0
1973,8
1974,3
1975,7
1976,5
1977,2
1978,7
1979,2
1980,9
1981,9
1982,4
1983,6
1984,7
1985,1
1986,6
1987,1
1988,5
1989,3
1990,2
1991,0
1992,9
1993,7
1994,7
1995,7
1996,3
1997,8
1998,0
1999,1
2000,4
2001,1
2002,4
2003,5
2004,2
2005,8
2006,4
2007,6
2008,1
2009,1
2010,2
2011,5
2012,5
2013,5
2014,1
2015,7
2016,3
2017,2
2018,7
2019,4
2020,4
2021,8
2022,7
2023,2
2024,5
2025,1
2026,5
2027,1
2028,2
2029,3
2030,5
2031,5
2032,0
2033,9
2034,3
2035,9
2036,4
2037,1
2038,8
2039,6
2040,3
2041,8
2042,0
2043,6
2044,3
2045,9
2046,8
2047,4
2048,6
2049,3
2050,6
2051,7
2052,9
2053,9
2054,8
2055,8
2056,0
2057,5
2058,6
2059,3
2060,9
2061,4
2062,5
2063,1
2064,1
2065,3
2066,9
2067,3
2068,9
2069,4
2070,2
2071,8
2072,1
2073,6
2074,9
2075,9
2076,5
2077,6
2078,5
2079,4
2080,8
2081,3
2082,9
2083,3
2084,2
2085,2
2086,1
2087,7
2088,2
2089,9
2090,8
2091,5
2092,5
2093,5
2094,3
2095,8
2096,5
2097,9
2098,8
2099,3
2100,5
2101,5
2102,9
2103,5
2104,5
2105,0
2106,3
2107,8
2108,7
2109,6
2110,5
2111,4
2112,1
2113,1
2114,2
2115,5
2116,4
2117,0
2118,2
2119,5
2120,8
2121,5
2122,1
2123,7
2124,8
2125,4
2126,1
2127,3
2128,4
2129,1
2130,1
2131,2
2132,3
2133,4
2134,7
2135,5
2136,2
2137,5
2138,3
2139,5
2140,0
2141,2
2142,6
2143,2
2144,1
2145,7
2146,0
2147,8
2148,4
2149,2
2150,1
2151,5
2152,1
2153,4
2154,9
2155,6
2156,6
2157,3
2158,1
2159,1
2160,6
2161,4
2162,5
2163,1
2164,0
2165,8
2166,1
2167,5
2168,2
2169,6
2170,9
2171,4
2172,1
2173,7
2174,9
2175,3
2176,1
2177,4
2178,1
2179,8
2180,3
2181,1
2182,9
2183,9
2184,7
2185,0
2186,2
2187,5
2188,0
2189,9
2190,1
2191,2
2192,1
2193,9
2194,1
2195,0
2196,1
2197,3
2198,0
2199,0
2200,4
2201,4
2202,5
2203,0
2204,2
2205,8
2206,1
2207,2
2208,5
2209,5
2210,8
2211,1
2212,9
2213,5
2214,0
2215,7
2216,4
2217,8
2218,3
2219,0
2220,6
2221,9
2222,2
2223,6
2224,4
2225,7
2226,3
2227,8
2228,8
2229,3
2230,8
2231,2
2232,1
2233,9
2234,7
2235,0
2236,3
2237,4
2238,9
2239,7
2240,9
2241,8
2242,3
2243,8
2244,1
2245,8
2246,3
2247,5
2248,8
2249,9
2250,9
2251,9
2252,9
2253,2
2254,1
2255,8
2256,4
2257,8
2258,3
2259,8
2260,0
2261,1
2262,8
2263,3
2264,5
2265,6
2266,8
2267,5
2268,1
2269,6
2270,2
2271,6
2272,3
2273,4
2274,8
2275,2
2276,7
2277,9
2278,0
2279,1
2280,2
2281,5
2282,1
2283,2
2284,1
2285,0
2286,5
2287,7
2288,0
2289,2
2290,5
2291,5
2292,3
2293,7
2294,6
2295,1
2296,4
2297,7
2298,1
2299,4
2300,3
2301,2
2302,1
2303,7
2304,3
2305,6
2306,5
2307,4
2308,5
2309,5
2310,5
2311,4
2312,3
2313,0
2314,7
2315,9
2316,1
2317,9
2318,9
2319,6
2320,2
2321,0
2322,8
2323,5
2324,9
2325,8
2326,2
2327,2
2328,0
2329,4
2330,8
2331,9
2332,1
2333,5
2334,5
2335,5
2336,1
2337,3
2338,7
2339,5
2340,1
2341,6
2342,1
2343,3
2344,9
2345,3
2346,6
2347,1
2348,8
2349,9
2350,8
2351,5
2352,8
2353,2
2354,1
2355,7
2356,1
2357,2
2358,9
2359,7
2360,4
2361,8
2362,7
2363,3
2364,3
2365,0
2366,7
2367,0
2368,7
2369,1
2370,5
2371,6
2372,5
2373,9
2374,1
2375,8
2376,1
2377,0
2378,3
2379,8
2380,1
2381,8
2382,0
2383,6
2384,6
2385,9
2386,4
2387,8
2388,8
2389,3
2390,3
2391,3
2392,5
2393,1
2394,5
2395,9
2396,1
2397,4
2398,1
2399,6
2400,8
2401,8
2402,8
2403,3
2404,7
2405,3
2406,3
2407,2
2408,6
2409,2
2410,2
2411,9
2412,1
2413,0
2414,1
2415,2
2416,5
2417,2
2418,9
2419,5
2420,5
2421,2
2422,5
2423,3
2424,6
2425,5
2426,7
2427,8
2428,5
2429,6
2430,7
2431,1
2432,1
2433,7
2434,8
2435,1
2436,5
2437,8
2438,1
2439,3
2440,5
2441,5
2442,0
2443,9
2444,3
2445,5
2446,7
2447,0
2448,2
2449,6
2450,0
2451,8
2452,2
2453,9
2454,2
2455,3
2456,6
2457,3
2458,6
2459,5
2460,4
2461,8
2462,5
2463,7
2464,5
2465,1
2466,0
2467,7
2468,8
2469,1
2470,2
2471,9
2472,0
2473,9
2474,4
2475,5
2476,1
2477,2
2478,5
2479,4
2480,8
2481,3
2482,1
2483,4
2484,3
2485,5
2486,0
2487,6
2488,5
2489,4
2490,6
2491,6
2492,5
2493,1
2494,9
2495,8
2496,7
2497,8
2498,9
2499,9
2500,5
2501,5
2502,9
2503,1
2504,2
2505,9
2506,0
2507,9
2508,0
2509,0
2510,3
2511,0
2512,6
2513,1
2514,8
2515,3
2516,7
2517,9
2518,2
2519,5
2520,5
2521,8
2522,6
2523,9
2524,7
2525,1
2526,4
2527,1
2528,1
2529,5
2530,1
2531,0
2532,6
2533,1
2534,1
2535,0
2536,5
2537,6
2538,0
2539,4
2540,2
2541,3
2542,8
2543,1
2544,0
2545,4
2546,4
2547,1
2548,0
2549,3
2550,8
2551,3
2552,1
2553,1
2554,8
2555,0
2556,5
2557,4
2558,9
2559,6
2560,5
2561,3
2562,8
2563,7
2564,3
2565,8
2566,2
2567,7
2568,2
2569,8
2570,9
2571,5
2572,1
2573,0
2574,5
2575,3
2576,1
2577,8
2578,8
2579,1
2580,3
2581,5
2582,0
2583,4
2584,3
2585,8
2586,5
2587,9
2588,3
2589,7
2590,2
2591,6
2592,2
2593,8
2594,6
2595,2
2596,4
2597,9
2598,3
2599,8
2600,1
2601,5
2602,0
2603,4
2604,1
2605,0
2606,1
2607,6
2608,0
2609,7
2610,9
2611,9
2612,8
2613,0
2614,8
2615,4
2616,0
2617,9
2618,5
2619,9
2620,6
2621,7
2622,8
2623,8
2624,8
2625,9
2626,9
2627,3
2628,1
2629,1
2630,5
2631,3
2632,0
2633,7
2634,4
2635,3
2636,9
2637,5
2638,0
2639,5
2640,3
2641,3
2642,0
2643,7
2644,0
2645,7
2646,9
2647,8
2648,6
2649,5
2650,6
2651,1
2652,4
2653,7
2654,3
2655,8
2656,2
2657,7
2658,6
2659,1
2660,9
2661,9
2662,1
2663,4
2664,5
2665,1
2666,7
2667,8
2668,8
2669,3
2670,1
2671,6
2672,6
2673,0
2674,7
2675,1
2676,8
2677,1
2678,9
2679,1
2680,8
2681,1
2682,8
2683,9
2684,7
2685,4
2686,3
2687,8
2688,4
2689,4
2690,0
2691,0
2692,1
2693,1
2694,3
2695,2
2696,1
2697,9
2698,8
2699,3
2700,9
2701,4
2702,0
2703,6
2704,6
2705,1
2706,1
2707,3
2708,3
2709,3
2710,0
2711,9
2712,3
2713,1
2714,9
2715,1
2716,0
2717,8
2718,8
2719,6
2720,3
2721,8
2722,2
2723,9
2724,6
2725,9
2726,0
2727,1
2728,7
2729,1
2730,0
2731,3
2732,4
2733,7
2734,4
2735,1
2736,1
2737,9
2738,3
2739,7
2740,5
2741,8
2742,3
2743,0
2744,0
2745,7
2746,2
2747,8
2748,0
2749,1
2750,8
2751,2
2752,4
2753,3
2754,5
2755,7
2756,3
2757,7
2758,0
2759,1
2760,5
2761,9
2762,3
2763,2
2764,6
2765,0
2766,2
2767,0
2768,0
2769,3
2770,8
2771,8
2772,5
2773,6
2774,9
2775,2
2776,8
2777,0
2778,4
2779,3
2780,9
2781,1
2782,0
2783,9
2784,1
2785,1
2786,2
2787,6
2788,4
2789,6
2790,9
2791,2
2792,8
2793,8
2794,7
2795,7
2796,1
2797,0
2798,9
2799,0
2800,2
2801,8
2802,8
2803,5
2804,7
2805,0
2806,0
2807,6
2808,5
2809,2
2810,1
2811,4
2812,9
2813,1
2814,0
2815,4
2816,3
2817,4
2818,3
2819,0
2820,5
2821,0
2822,8
2823,9
2824,9
2825,3
2826,4
2827,9
2828,6
2829,4
2830,3
2831,0
2832,1
2833,2
2834,0
2835,5
2836,1
2837,6
2838,1
2839,2
2840,2
2841,7
2842,3
2843,9
2844,7
2845,0
2846,5
2847,1
2848,1
2849,5
2850,6
2851,0
2852,4
2853,0
2854,0
2855,3
2856,3
2857,1
2858,2
2859,5
2860,7
2861,1
2862,4
2863,6
2864,8
2865,2
2866,4
2867,4
2868,7
2869,8
2870,8
2871,9
2872,8
2873,1
2874,4
2875,9
2876,9
2877,4
2878,1
2879,4
2880,8
2881,5
2882,5
2883,7
2884,3
2885,9
2886,6
2887,1
2888,3
2889,5
2890,7
2891,7
2892,0
2893,6
2894,7
2895,5
2896,5
2897,6
2898,3
2899,1
2900,0
2901,9
2902,1
2903,0
2904,1
2905,0
2906,7
2907,9
2908,8
2909,8
2910,0
2911,9
2912,3
2913,8
2914,3
2915,9
2916,0
2917,4
2918,5
2919,1
2920,9
2921,1
2922,7
2923,4
2924,3
2925,3
2926,1
2927,6
2928,3
2929,1
2930,8
2931,1
2932,5
2933,3
2934,1
2935,0
2936,0
2937,3
2938,6
2939,0
2940,5
2941,6
2942,7
2943,5
2944,6
2945,8
2946,6
2947,0
2948,6
2949,8
2950,0
2951,8
2952,8
2953,6
2954,4
2955,5
2956,6
2957,9
2958,1
2959,6
2960,7
2961,0
2962,6
2963,8
2964,8
2965,3
2966,3
2967,3
2968,8
2969,4
2970,4
2971,9
2972,1
2973,6
2974,0
2975,2
2976,1
2977,1
2978,6
2979,3
2980,5
2981,3
2982,8
2983,5
2984,4
2985,2
2986,1
2987,3
2988,3
2989,2
2990,5
2991,8
2992,2
2993,6
2994,1
2995,4
2996,9
2997,5
2998,4
2999,0
3000,5
3001,3
3002,4
3003,7
3004,8
3005,5
3006,4
3007,6
3008,5
3009,4
3010,0
3011,0
3012,6
3013,0
3014,3
3015,3
3016,8
3017,5
3018,6
3019,1
3020,5
3021,9
3022,4
3023,9
3024,8
3025,1
3026,2
3027,6
3028,5
3029,2
3030,6
3031,3
3032,3
3033,9
3034,4
3035,2
3036,0
3037,8
3038,8
3039,5
3040,1
3041,2
3042,8
3043,6
3044,4
3045,0
3046,6
3047,5
3048,8
3049,4
3050,8
3051,7
3052,6
3053,3
3054,8
3055,0
3056,5
3057,3
3058,3
3059,0
3060,8
3061,9
3062,1
3063,7
3064,1
3065,0
3066,1
3067,0
3068,8
3069,2
3070,1
3071,8
3072,5
3073,5
3074,3
3075,2
3076,2
3077,0
3078,6
3079,8
3080,2
3081,6
3082,3
3083,1
3084,5
3085,2
3086,1
3087,1
3088,7
3089,6
3090,8
3091,9
3092,5
3093,7
3094,6
3095,7
3096,4
3097,1
3098,0
3099,5
3100,8
3101,2
3102,5
3103,7
3104,4
3105,0
3106,8
3107,5
3108,9
3109,1
3110,9
3111,6
3112,6
3113,3
3114,1
3115,9
3116,2
3117,1
3118,5
3119,5
3120,3
3121,7
3122,3
3123,9
3124,9
3125,5
3126,0
3127,9
3128,1
3129,3
3130,8
3131,4
3132,6
3133,0
3134,5
3135,5
3136,3
3137,8
3138,6
3139,4
3140,1
3141,4
3142,1
3143,9
3144,3
3145,1
3146,7
3147,3
3148,8
3149,1
3150,6
3151,1
3152,3
3153,1
3154,0
3155,1
3156,1
3157,1
3158,7
3159,9
3160,0
3161,8
3162,3
3163,6
3164,7
3165,3
3166,5
3167,8
3168,0
3169,3
3170,5
3171,5
3172,5
3173,7
3174,0
3175,2
3176,4
3177,7
3178,1
3179,1
3180,1
3181,1
3182,1
3183,9
3184,9
3185,4
3186,4
3187,4
3188,4
3189,1
3190,9
3191,5
3192,9
3193,6
3194,4
3195,1
3196,0
3197,7
3198,1
3199,5
3200,5
3201,8
3202,8
3203,0
3204,6
3205,6
3206,9
3207,0
3208,8
3209,7
3210,2
3211,4
3212,1
3213,1
3214,7
3215,4
3216,7
3217,4
3218,9
3219,9
3220,7
3221,5
3222,9
3223,1
3224,2
3225,1
3226,1
3227,0
3228,2
3229,8
3230,4
3231,1
3232,8
3233,5
3234,9
3235,9
3236,2
3237,6
3238,1
3239,5
3240,6
3241,7
3242,3
3243,6
3244,4
3245,4
3246,5
3247,2
3248,8
3249,4
3250,5
3251,4
3252,4
3253,1
3254,9
3255,5
3256,8
3257,7
3258,8
3259,8
3260,1
3261,1
3262,7
3263,3
3264,1
3265,6
3266,0
3267,8
3268,9
3269,0
3270,6
3271,5
3272,1
3273,5
3274,3
3275,4
3276,8
3277,2
3278,8
3279,6
3280,8
3281,6
3282,3
3283,3
3284,8
3285,5
3286,2
3287,2
3288,0
3289,5
3290,8
3291,5
3292,5
3293,9
3294,1
3295,4
3296,8
3297,2
3298,5
3299,5
3300,8
3301,6
3302,1
3303,3
3304,2
3305,4
3306,0
3307,1
3308,6
3309,7
3310,3
3311,0
3312,5
3313,2
3314,7
3315,0
3316,3
3317,9
3318,8
3319,6
3320,4
3321,7
3322,0
3323,8
3324,5
3325,3
3326,5
3327,9
3328,0
3329,2
3330,8
3331,6
3332,5
3333,6
3334,1
3335,6
3336,1
3337,4
3338,4
3339,5
3340,3
3341,5
3342,9
3343,5
3344,5
3345,9
3346,0
3347,6
3348,0
3349,7
3350,6
3351,6
3352,9
3353,3
3354,9
3355,0
3356,3
3357,9
3358,4
3359,1
3360,5
3361,3
3362,3
3363,4
3364,4
3365,4
3366,6
3367,4
3368,0
3369,2
3370,5
3371,7
3372,3
3373,8
3374,7
3375,5
3376,2
3377,5
3378,9
3379,0
3380,1
3381,5
3382,2
3383,8
3384,0
3385,5
3386,3
3387,3
3388,5
3389,5
3390,2
3391,5
3392,9
3393,5
3394,5
3395,5
3396,9
3397,2
3398,7
3399,1
3400,2
3401,4
3402,9
3403,1
3404,5
3405,2
3406,2
3407,7
3408,2
3409,1
3410,7
3411,7
3412,0
3413,5
3414,1
3415,9
3416,8
3417,3
3418,5
3419,3
3420,5
3421,3
3422,0
3423,6
3424,0
3425,1
3426,7
3427,3
3428,3
3429,8
3430,9
3431,2
3432,1
3433,1
3434,0
3435,7
3436,8
3437,9
3438,8
3439,3
3440,7
3441,1
3442,2
3443,8
3444,9
3445,3
3446,5
3447,2
3448,3
3449,5
3450,5
3451,3
3452,8
3453,3
3454,9
3455,8
3456,8
3457,5
3458,4
3459,4
3460,0
3461,9
3462,5
3463,4
3464,1
3465,6
3466,9
3467,1
3468,3
3469,1
3470,1
3471,4
3472,8
3473,1
3474,1
3475,4
3476,4
3477,1
3478,0
3479,8
3480,1
3481,7
3482,5
3483,7
3484,5
3485,8
3486,5
3487,9
3488,1
3489,1
3490,7
3491,5
3492,3
3493,6
3494,0
3495,5
3496,0
3497,6
3498,5
3499,8
3500,9
3501,0
3502,8
3503,9
3504,0
3505,1
3506,1
3507,2
3508,2
3509,2
3510,5
3511,9
3512,0
3513,0
3514,2
3515,1
3516,4
3517,7
3518,8
3519,9
3520,1
3521,6
3522,0
3523,5
3524,1
3525,1
3526,2
3527,4
3528,7
3529,0
3530,4
3531,9
3532,8
3533,3
3534,8
3535,4
3536,9
3537,1
3538,0
3539,0
3540,9
3541,9
3542,3
3543,5
3544,5
3545,3
3546,2
3547,1
3548,4
3549,4
3550,8
3551,9
3552,5
3553,3
3554,8
3555,9
3556,0
3557,3
3558,5
3559,3
3560,1
3561,0
3562,5
3563,1
3564,4
3565,1
3566,6
3567,2
3568,1
3569,1
3570,5
3571,7
3572,8
3573,3
3574,5
3575,6
3576,0
3577,7
3578,5
3579,0
3580,3
3581,6
3582,5
3583,5
3584,3
3585,6
3586,1
3587,5
3588,4
3589,3
3590,7
3591,8
3592,4
3593,6
3594,8
3595,3
3596,3
3597,2
3598,1
3599,4
3600,0
3601,2
3602,4
3603,0
3604,4
3605,2
3606,6
3607,4
3608,4
3609,6
3610,3
3611,6
3612,0
3613,4
3614,3
3615,9
3616,5
3617,5
3618,7
3619,6
3620,1
3621,9
3622,0
3623,8
3624,2
3625,2
3626,1
3627,2
3628,7
3629,4
3630,0
3631,0
3632,2
3633,3
3634,7
3635,8
3636,8
3637,3
3638,1
3639,6
3640,7
3641,6
3642,8
3643,1
3644,3
3645,5
3646,4
3647,9
3648,4
3649,6
3650,8
3651,8
3652,4
3653,9
3654,1
3655,7
3656,4
3657,7
3658,7
3659,9
3660,6
3661,7
3662,3
3663,1
3664,4
3665,6
3666,4
3667,5
3668,1
3669,3
3670,0
3671,2
3672,7
3673,7
3674,5
3675,9
3676,8
3677,3
3678,3
3679,6
3680,4
3681,1
3682,3
3683,8
3684,1
3685,9
3686,1
3687,1
3688,7
3689,2
3690,5
3691,0
3692,0
3693,9
3694,4
3695,8
3696,4
3697,8
3698,1
3699,9
3700,8
3701,5
3702,1
3703,7
3704,8
3705,6
3706,8
3707,3
3708,5
3709,0
3710,9
3711,3
3712,8
3713,5
3714,9
3715,2
3716,2
3717,2
3718,8
3719,8
3720,9
3721,3
3722,2
3723,1
3724,3
3725,1
3726,3
3727,6
3728,3
3729,4
3730,5
3731,1
3732,8
3733,8
3734,5
3735,7
3736,7
3737,5
3738,1
3739,1
3740,8
3741,2
3742,1
3743,8
3744,3
3745,1
3746,3
3747,4
3748,4
3749,5
3750,1
3751,4
3752,0
3753,4
3754,8
3755,3
3756,4
3757,9
3758,5
3759,0
3760,8
3761,1
3762,2
3763,6
3764,0
3765,1
3766,4
3767,3
3768,3
3769,8
3770,5
3771,6
3772,4
3773,3
3774,5
3775,3
3776,4
3777,0
3778,0
3779,8
3780,1
3781,0
3782,9
3783,5
3784,8
3785,3
3786,7
3787,2
3788,3
3789,2
3790,0
3791,4
3792,1
3793,3
3794,0
3795,3
3796,8
3797,1
3798,5
3799,9
3800,8
3801,4
3802,6
3803,5
3804,1
3805,4
3806,2
3807,9
3808,8
3809,3
3810,0
3811,7
3812,1
3813,6
3814,6
3815,9
3816,0
3817,9
3818,1
3819,7
3820,8
3821,5
3822,7
3823,1
3824,9
3825,8
3826,0
3827,5
3828,9
3829,6
3830,5
3831,5
3832,4
3833,1
3834,0
3835,9
3836,4
3837,1
3838,4
3839,5
3840,8
3841,0
3842,6
3843,3
3844,8
3845,7
3846,1
3847,6
3848,8
3849,2
3850,7
3851,1
3852,9
3853,4
3854,0
3855,3
3856,0
3857,6
3858,5
3859,7
3860,1
3861,5
3862,4
3863,7
3864,1
3865,9
3866,4
3867,9
3868,9
3869,6
3870,8
3871,9
3872,2
3873,0
3874,1
3875,3
3876,2
3877,8
3878,5
3879,1
3880,8
3881,0
3882,5
3883,5
3884,0
3885,4
3886,6
3887,1
3888,0
3889,2
3890,3
3891,7
3892,0
3893,0
3894,3
3895,2
3896,9
3897,6
3898,8
3899,0
3900,9
3901,1
3902,0
3903,1
3904,1
3905,7
3906,1
3907,2
3908,7
3909,4
3910,0
3911,1
3912,6
3913,3
3914,9
3915,3
3916,7
3917,7
3918,8
3919,7
3920,5
3921,0
3922,5
3923,9
3924,2
3925,0
3926,5
3927,8
3928,9
3929,8
3930,0
3931,2
3932,3
3933,0
3934,1
3935,9
3936,5
3937,5
3938,8
3939,1
3940,0
3941,3
3942,7
3943,1
3944,7
3945,9
3946,8
3947,4
3948,9
3949,8
3950,6
3951,8
3952,0
3953,5
3954,9
3955,6
3956,8
3957,5
3958,0
3959,8
3960,5
3961,1
3962,3
3963,5
3964,1
3965,8
3966,0
3967,0
3968,6
3969,4
3970,5
3971,6
3972,2
3973,8
3974,9
3975,3
3976,5
3977,3
3978,3
3979,9
3980,4
3981,8
3982,4
3983,4
3984,3
3985,7
3986,5
3987,4
3988,0
3989,3
3990,0
3991,0
3992,9
3993,9
3994,7
3995,5
3996,0
3997,1
3998,8
3999,3
4000,8
4001,3
4002,9
4003,8
4004,9
4005,1
4006,8
4007,7
4008,9
4009,5
4010,2
4011,0
4012,3
4013,3
4014,6
4015,5
4016,2
4017,0
4018,4
4019,1
4020,9
4021,8
4022,2
4023,2
4024,8
4025,3
4026,9
4027,2
4028,6
4029,0
4030,6
4031,3
4032,4
4033,5
4034,9
4035,2
4036,2
4037,7
4038,1
4039,5
4040,5
4041,3
4042,7
4043,3
4044,1
4045,5
4046,4
4047,3
4048,3
4049,3
4050,1
4051,8
4052,6
4053,9
4054,2
4055,3
4056,5
4057,5
4058,2
4059,5
4060,5
4061,5
4062,6
4063,1
4064,9
4065,3
4066,3
4067,1
4068,5
4069,4
4070,1
4071,7
4072,8
4073,3
4074,8
4075,7
4076,5
4077,3
4078,7
4079,6
4080,5
4081,3
4082,6
4083,7
4084,1
4085,7
4086,6
4087,5
4088,4
4089,4
4090,5
4091,9
4092,2
4093,5
4094,6
4095,8
4096,3
4097,2
4098,0
4099,5
4100,0
4101,3
4102,3
4103,8
4104,7
4105,0
4106,8
4107,4
4108,5
4109,8
4110,0
4111,7
4112,8
4113,5
4114,9
4115,6
4116,5
4117,0
4118,7
4119,5
4120,7
4121,3
4122,0
4123,9
4124,9
4125,1
4126,1
4127,1
4128,1
4129,5
4130,7
4131,5
4132,3
4133,3
4134,4
4135,6
4136,0
4137,4
4138,2
4139,8
4140,2
4141,1
4142,5
4143,3
4144,3
4145,6
4146,4
4147,2
4148,1
4149,2
4150,3
4151,4
4152,4
4153,8
4154,7
4155,1
4156,5
4157,1
4158,5
4159,0
4160,1
4161,3
4162,5
4163,9
4164,0
4165,6
4166,7
4167,1
4168,9
4169,4
4170,5
4171,8
4172,9
4173,8
4174,3
4175,0
4176,3
4177,1
4178,4
4179,7
4180,6
4181,4
4182,8
4183,1
4184,0
4185,7
4186,2
4187,8
4188,5
4189,9
4190,0
4191,1
4192,6
4193,1
4194,8
4195,4
4196,8
4197,6
4198,8
4199,6
4200,0
4201,5
4202,9
4203,3
4204,9
4205,8
4206,0
4207,8
4208,9
4209,1
4210,8
4211,8
4212,3
4213,0
4214,4
4215,5
4216,9
4217,6
4218,1
4219,9
4220,8
4221,6
4222,6
4223,6
4224,9
4225,3
4226,6
4227,9
4228,9
4229,1
4230,7
4231,2
4232,6
4233,2
4234,0
4235,4
4236,1
4237,0
4238,1
4239,3
4240,6
4241,2
4242,1
4243,2
4244,9
4245,0
4246,5
4247,8
4248,5
4249,0
4250,3
4251,7
4252,1
4253,0
4254,9
4255,4
4256,6
4257,3
4258,6
4259,0
4260,1
4261,2
4262,4
4263,3
4264,3
4265,9
4266,3
4267,1
4268,2
4269,4
4270,1
4271,5
4272,2
4273,1
4274,0
4275,5
4276,1
4277,1
4278,0
4279,9
4280,8
4281,7
4282,3
4283,0
4284,3
4285,0
4286,7
4287,1
4288,1
4289,5
4290,5
4291,7
4292,7
4293,5
4294,9
4295,8
4296,5
4297,9
4298,6
4299,3
4300,7
4301,5
4302,4
4303,5
4304,8
4305,1
4306,8
4307,1
4308,9
4309,0
4310,5
4311,1
4312,9
4313,0
4314,5
4315,5
4316,1
4317,6
4318,3
4319,2
4320,1
4321,9
4322,9
4323,9
4324,1
4325,9
4326,2
4327,1
4328,6
4329,7
4330,9
4331,0
4332,3
4333,3
4334,4
4335,1
4336,0
4337,0
4338,1
4339,0
4340,8
4341,9
4342,5
4343,5
4344,1
4345,0
4346,2
4347,1
4348,4
4349,6
4350,0
4351,9
4352,4
4353,2
4354,0
4355,5
4356,7
4357,5
4358,8
4359,7
4360,2
4361,8
4362,7
4363,9
4364,6
4365,1
4366,8
4367,8
4368,4
4369,4
4370,5
4371,9
4372,1
4373,8
4374,4
4375,8
4376,3
4377,2
4378,5
4379,3
4380,7
4381,7
4382,2
4383,1
4384,0
4385,8
4386,5
4387,8
4388,9
4389,6
4390,5
4391,3
4392,3
4393,5
4394,5
4395,2
4396,8
4397,1
4398,3
4399,8
4400,5
4401,5
4402,4
4403,7
4404,9
4405,3
4406,9
4407,5
4408,3
4409,8
4410,3
4411,3
4412,8
4413,3
4414,9
4415,1
4416,9
4417,7
4418,8
4419,1
4420,9
4421,4
4422,5
4423,3
4424,1
4425,1
4426,1
4427,3
4428,6
4429,2
4430,9
4431,6
4432,2
4433,6
4434,1
4435,4
4436,0
4437,1
4438,3
4439,1
4440,0
4441,6
4442,0
4443,8
4444,5
4445,9
4446,1
4447,1
4448,0
4449,7
4450,9
4451,9
4452,2
4453,7
4454,0
4455,3
4456,1
4457,3
4458,5
4459,5
4460,5
4461,9
4462,8
4463,0
4464,5
4465,0
4466,5
4467,2
4468,0
4469,8
4470,4
4471,3
4472,3
4473,9
4474,4
4475,7
4476,3
4477,9
4478,3
4479,4
4480,2
4481,5
4482,3
4483,1
4484,9
4485,2
4486,5
4487,3
4488,4
4489,8
4490,7
4491,6
4492,1
4493,0
4494,0
4495,2
4496,8
4497,8
4498,9
4499,5
4500,2
4501,8
4502,2
4503,3
4504,9
4505,2
4506,5
4507,2
4508,4
4509,6
4510,2
4511,0
4512,1
4513,3
4514,6
4515,7
4516,1
4517,1
4518,8
4519,4
4520,1
4521,4
4522,1
4523,1
4524,8
4525,9
4526,6
4527,6
4528,8
4529,0
4530,9
4531,0
4532,1
4533,6
4534,0
4535,5
4536,4
4537,3
4538,5
4539,9
4540,4
4541,5
4542,3
4543,1
4544,1
4545,5
4546,9
4547,4
4548,8
4549,7
4550,3
4551,2
4552,7
4553,2
4554,1
4555,9
4556,9
4557,1
4558,9
4559,9
4560,5
4561,4
4562,3
4563,6
4564,3
4565,8
4566,1
4567,2
4568,6
4569,5
4570,4
4571,5
4572,4
4573,3
4574,4
4575,3
4576,3
4577,3
4578,8
4579,5
4580,2
4581,4
4582,6
4583,3
4584,6
4585,0
4586,7
4587,3
4588,4
4589,8
4590,6
4591,7
4592,4
4593,2
4594,9
4595,5
4596,0
4597,4
4598,0
4599,0
4600,3
4601,5
4602,0
4603,9
4604,5
4605,2
4606,1
4607,4
4608,9
4609,1
4610,3
4611,0
4612,4
4613,9
4614,2
4615,8
4616,8
4617,3
4618,4
4619,8
4620,8
4621,6
4622,8
4623,5
4624,5
4625,6
4626,5
4627,1
4628,9
4629,7
4630,8
4631,3
4632,1
4633,5
4634,5
4635,4
4636,4
4637,1
4638,2
4639,8
4640,8
4641,5
4642,7
4643,4
4644,4
4645,2
4646,1
4647,6
4648,3
4649,6
4650,9
4651,9
4652,8
4653,0
4654,3
4655,8
4656,0
4657,1
4658,8
4659,3
4660,0
4661,8
4662,1
4663,1
4664,1
4665,3
4666,6
4667,8
4668,5
4669,4
4670,2
4671,7
4672,5
4673,8
4674,8
4675,9
4676,0
4677,3
4678,6
4679,5
4680,1
4681,6
4682,6
4683,0
4684,1
4685,2
4686,0
4687,8
4688,7
4689,5
4690,0
4691,3
4692,1
4693,9
4694,8
4695,5
4696,4
4697,7
4698,2
4699,5
4700,1
4701,1
4702,3
4703,3
4704,6
4705,8
4706,9
4707,4
4708,7
4709,0
4710,5
4711,0
4712,0
4713,2
4714,3
4715,4
4716,0
4717,5
4718,3
4719,1
4720,6
4721,6
4722,5
4723,4
4724,8
4725,1
4726,0
4727,7
4728,0
4729,9
4730,3
4731,4
4732,1
4733,7
4734,7
4735,0
4736,4
4737,1
4738,6
4739,2
4740,0
4741,6
4742,6
4743,5
4744,4
4745,6
4746,5
4747,8
4748,5
4749,3
4750,4
4751,9
4752,6
4753,2
4754,1
4755,1
4756,2
4757,7
4758,4
4759,7
4760,3
4761,4
4762,5
4763,8
4764,8
4765,0
4766,1
4767,7
4768,7
4769,9
4770,4
4771,1
4772,0
4773,7
4774,8
4775,9
4776,8
4777,9
4778,2
4779,1
4780,6
4781,2
4782,5
4783,3
4784,7
4785,7
4786,0
4787,1
4788,5
4789,1
4790,7
4791,1
4792,1
4793,1
4794,3
4795,8
4796,1
4797,0
4798,1
4799,1
4800,1
4801,2
4802,8
4803,3
4804,3
4805,1
4806,5
4807,1
4808,2
4809,1
4810,8
4811,9
4812,6
4813,6
4814,5
4815,4
4816,9
4817,5
4818,0
4819,8
4820,3
4821,1
4822,2
4823,9
4824,7
4825,2
4826,5
4827,1
4828,2
4829,8
4830,3
4831,4
4832,0
4833,3
4834,8
4835,3
4836,0
4837,3
4838,0
4839,2
4840,1
4841,1
4842,6
4843,9
4844,9
4845,5
4846,6
4847,2
4848,9
4849,4
4850,1
4851,4
4852,2
4853,0
4854,8
4855,1
4856,2
4857,5
4858,9
4859,0
4860,8
4861,4
4862,1
4863,1
4864,3
4865,5
4866,1
4867,3
4868,8
4869,1
4870,8
4871,5
4872,0
4873,3
4874,2
4875,1
4876,9
4877,3
4878,0
4879,3
4880,9
4881,6
4882,2
4883,5
4884,2
4885,8
4886,3
4887,7
4888,1
4889,1
4890,0
4891,3
4892,3
4893,1
4894,7
4895,3
4896,6
4897,6
4898,5
4899,3
4900,1
4901,8
4902,2
4903,3
4904,2
4905,2
4906,3
4907,8
4908,5
4909,6
4910,1
4911,7
4912,1
4913,3
4914,2
4915,5
4916,3
4917,0
4918,4
4919,6
4920,7
4921,4
4922,4
4923,6
4924,0
4925,9
4926,0
4927,9
4928,1
4929,6
4930,7
4931,6
4932,3
4933,4
4934,1
4935,1
4936,6
4937,1
4938,1
4939,8
4940,4
4941,5
4942,9
4943,0
4944,6
4945,5
4946,5
4947,2
4948,2
4949,7
4950,4
4951,8
4952,7
4953,5
4954,6
4955,5
4956,7
4957,5
4958,3
4959,6
4960,3
4961,1
4962,8
4963,4
4964,4
4965,5
4966,7
4967,1
4968,9
4969,5
4970,1
4971,4
4972,7
4973,4
4974,3
4975,2
4976,9
4977,7
4978,6
4979,1
4980,2
4981,6
4982,1
4983,2
4984,0
4985,5
4986,0
4987,3
4988,2
4989,5
4990,0
4991,6
4992,1
4993,9
4994,2
4995,5
4996,7
4997,0
4998,3
4999,0
